UserID,DevicesUsed
1,Smart Lock
1,Security Camera
1,Air Purifier
1,Door Sensor
1,Smart TV
2,Security Camera
2,Door Sensor
2,Motion Sensor
2,Robot Vacuum
3,Smart Light
3,Smart Speaker
3,Smart TV
4,Smart TV
4,Smart Speaker
4,Robot Vacuum
4,Thermostat
5,Security Camera
5,Door Sensor
5,Motion Sensor
6,Smart TV
6,Smart Speaker
6,Smart Plug
6,Smart Fan
7,Smart Light
7,Smart Speaker
8,Smart TV
8,Smart Speaker
8,Thermostat
9,Smart Light
9,Smart Speaker
9,Motion Sensor
9,Smart Lock
9,Smart Plug
10,Smart Lock
10,Security Camera
10,Smart TV
11,Smart TV
11,Smart Speaker
12,Door Sensor
12,Smart Light
12,Security Camera
12,Smart Fan
12,Smart Lock
13,Smart Light
13,Smart Speaker
13,Smart Lock
13,Smart Plug
14,Security Camera
14,Door Sensor
14,Motion Sensor
15,Air Purifier
15,Smart Light
15,Robot Vacuum
16,Security Camera
16,Door Sensor
16,Motion Sensor
17,Smart Lock
17,Security Camera
17,Smart Plug
17,Smart Speaker
18,Security Camera
18,Door Sensor
18,Motion Sensor
19,Smart TV
19,Smart Speaker
19,Smart Lock
20,Smart TV
20,Smart Speaker
21,Smart Light
21,Smart Speaker
22,Smart TV
22,Smart Speaker
22,Smart Fan
22,Robot Vacuum
23,Robot Vacuum
23,Door Sensor
23,Smart Light
24,Thermostat
24,Smart Light
25,Smart TV
25,Smart Speaker
25,Robot Vacuum
25,Smart Fan
25,Door Sensor
26,Security Camera
26,Door Sensor
26,Motion Sensor
26,Smart Lock
26,Smart TV
27,Smart Light
27,Smart Speaker
27,Door Sensor
27,Thermostat
27,Air Purifier
28,Smart Light
28,Smart Speaker
28,Air Purifier
28,Thermostat
29,Smart Lock
29,Security Camera
29,Smart Speaker
30,Security Camera
30,Door Sensor
30,Motion Sensor
31,Smart Lock
31,Security Camera
31,Robot Vacuum
31,Smart Plug
32,Smart TV
32,Smart Speaker
33,Smart Light
33,Smart Speaker
33,Security Camera
33,Smart Lock
33,Smart Fan
34,Smart TV
34,Smart Speaker
34,Motion Sensor
35,Motion Sensor
35,Air Purifier
35,Security Camera
35,Thermostat
36,Smart Lock
36,Security Camera
36,Smart Plug
36,Thermostat
36,Smart Light
37,Smart Lock
37,Security Camera
37,Smart TV
37,Smart Speaker
37,Motion Sensor
38,Smart TV
38,Smart Speaker
39,Smart TV
39,Smart Speaker
40,Smart Lock
40,Security Camera
40,Smart Speaker
40,Motion Sensor
40,Smart TV
41,Security Camera
41,Door Sensor
41,Motion Sensor
42,Security Camera
42,Door Sensor
42,Motion Sensor
43,Smart Light
43,Air Purifier
44,Smart Light
44,Smart Speaker
44,Air Purifier
44,Motion Sensor
44,Smart Lock
45,Smart TV
45,Smart Speaker
46,Smart Lock
46,Security Camera
47,Thermostat
47,Smart Plug
47,Smart Speaker
47,Security Camera
48,Smart TV
48,Smart Speaker
48,Robot Vacuum
48,Smart Plug
48,Air Purifier
49,Smart TV
49,Smart Speaker
50,Smart Lock
50,Security Camera
50,Smart Plug
50,Motion Sensor
50,Smart Speaker
51,Smart Speaker
51,Motion Sensor
52,Smart Lock
52,Security Camera
52,Motion Sensor
53,Smart TV
53,Smart Speaker
54,Smart Lock
54,Security Camera
54,Thermostat
54,Motion Sensor
54,Door Sensor
55,Smart Lock
55,Security Camera
56,Smart Light
56,Smart Speaker
56,Smart TV
57,Smart Lock
57,Security Camera
58,Smart Light
58,Smart Speaker
58,Thermostat
58,Smart Fan
59,Security Camera
59,Door Sensor
59,Motion Sensor
60,Security Camera
60,Door Sensor
60,Motion Sensor
61,Robot Vacuum
61,Motion Sensor
61,Door Sensor
61,Smart Light
62,Security Camera
62,Door Sensor
62,Motion Sensor
63,Smart Light
63,Smart Speaker
63,Air Purifier
63,Door Sensor
64,Smart Light
64,Smart Speaker
64,Smart Plug
65,Smart Lock
65,Security Camera
65,Smart Fan
65,Robot Vacuum
65,Air Purifier
66,Smart Fan
66,Smart TV
67,Smart Lock
67,Security Camera
67,Smart TV
67,Air Purifier
68,Smart Light
68,Smart Speaker
68,Door Sensor
69,Smart Light
69,Smart Speaker
69,Door Sensor
69,Air Purifier
70,Smart Lock
70,Security Camera
70,Smart Light
70,Smart Plug
71,Smart Light
71,Smart Speaker
71,Smart Fan
71,Smart Lock
72,Smart Lock
72,Security Camera
73,Smart Lock
73,Security Camera
73,Smart Fan
73,Smart Speaker
74,Smart Light
74,Smart Speaker
74,Robot Vacuum
75,Security Camera
75,Door Sensor
75,Motion Sensor
75,Smart Fan
75,Robot Vacuum
76,Smart Lock
76,Security Camera
76,Smart Light
76,Smart Fan
77,Security Camera
77,Door Sensor
77,Motion Sensor
78,Smart Lock
78,Smart Fan
79,Smart Lock
79,Security Camera
79,Smart Fan
79,Smart Light
79,Motion Sensor
80,Smart Light
80,Smart Speaker
80,Air Purifier
81,Smart TV
81,Smart Speaker
81,Robot Vacuum
82,Smart TV
82,Motion Sensor
83,Smart Fan
83,Thermostat
83,Smart Light
84,Smart Light
84,Smart Speaker
85,Smart Lock
85,Security Camera
85,Door Sensor
86,Smart Lock
86,Security Camera
86,Smart Fan
86,Smart TV
87,Smart Light
87,Smart Speaker
87,Air Purifier
87,Smart Lock
88,Smart Light
88,Smart Speaker
88,Thermostat
88,Robot Vacuum
89,Security Camera
89,Door Sensor
89,Motion Sensor
90,Smart Light
90,Smart Speaker
91,Smart Lock
91,Security Camera
91,Motion Sensor
92,Smart TV
92,Smart Speaker
92,Door Sensor
92,Robot Vacuum
92,Smart Light
93,Smart TV
93,Smart Speaker
93,Smart Lock
93,Smart Light
93,Thermostat
94,Smart Lock
94,Security Camera
95,Security Camera
95,Door Sensor
95,Motion Sensor
96,Smart TV
96,Smart Speaker
96,Smart Lock
96,Door Sensor
96,Thermostat
97,Smart Lock
97,Smart Speaker
97,Security Camera
98,Smart TV
98,Smart Speaker
99,Smart Lock
99,Security Camera
99,Smart TV
100,Smart Light
100,Smart Speaker
100,Smart Plug
100,Security Camera
101,Smart Lock
101,Security Camera
101,Smart Fan
101,Thermostat
102,Security Camera
102,Door Sensor
102,Motion Sensor
102,Smart Lock
103,Smart Lock
103,Security Camera
104,Smart Lock
104,Security Camera
105,Smart TV
105,Smart Speaker
105,Door Sensor
105,Smart Plug
106,Smart Light
106,Smart Speaker
107,Smart TV
107,Smart Speaker
108,Smart Light
108,Smart Speaker
109,Smart Light
109,Smart Speaker
109,Door Sensor
109,Smart Plug
110,Smart Light
110,Smart Speaker
110,Robot Vacuum
110,Security Camera
111,Thermostat
111,Robot Vacuum
111,Security Camera
112,Smart Lock
112,Security Camera
113,Smart Lock
113,Security Camera
113,Door Sensor
114,Security Camera
114,Door Sensor
114,Motion Sensor
115,Smart Light
115,Smart Speaker
115,Robot Vacuum
116,Security Camera
116,Door Sensor
116,Motion Sensor
117,Security Camera
117,Door Sensor
117,Motion Sensor
118,Smart Plug
118,Security Camera
118,Smart Fan
119,Door Sensor
119,Smart Speaker
120,Motion Sensor
120,Smart Speaker
120,Thermostat
120,Robot Vacuum
121,Smart Light
121,Smart Speaker
121,Security Camera
121,Robot Vacuum
121,Motion Sensor
122,Smart TV
122,Smart Speaker
123,Smart TV
123,Air Purifier
123,Security Camera
123,Smart Lock
124,Security Camera
124,Door Sensor
124,Motion Sensor
125,Smart Light
125,Smart Speaker
125,Robot Vacuum
126,Air Purifier
126,Smart Fan
126,Smart Plug
126,Smart Lock
127,Smart Light
127,Smart Speaker
127,Smart Plug
127,Door Sensor
127,Motion Sensor
128,Thermostat
128,Security Camera
129,Security Camera
129,Door Sensor
129,Motion Sensor
129,Smart TV
129,Smart Light
130,Robot Vacuum
130,Smart Light
131,Smart Plug
131,Smart TV
132,Smart Lock
132,Security Camera
133,Smart Lock
133,Security Camera
133,Smart Fan
134,Smart Light
134,Smart Speaker
135,Smart TV
135,Smart Plug
136,Security Camera
136,Door Sensor
136,Motion Sensor
137,Smart TV
137,Smart Speaker
137,Robot Vacuum
137,Door Sensor
138,Smart Fan
138,Thermostat
138,Smart Speaker
139,Smart Light
139,Smart Speaker
139,Security Camera
139,Smart Fan
139,Door Sensor
140,Smart Light
140,Smart Speaker
140,Motion Sensor
140,Smart Plug
140,Robot Vacuum
141,Smart Lock
141,Security Camera
141,Robot Vacuum
141,Smart Light
141,Air Purifier
142,Smart Light
142,Smart Speaker
142,Smart Plug
142,Smart TV
142,Thermostat
143,Smart Light
143,Smart Speaker
144,Smart Light
144,Smart Speaker
144,Air Purifier
144,Robot Vacuum
144,Smart TV
145,Smart Lock
145,Security Camera
145,Smart Light
145,Thermostat
145,Door Sensor
146,Smart Plug
146,Robot Vacuum
147,Smart TV
147,Smart Speaker
148,Robot Vacuum
148,Smart Plug
148,Smart Speaker
148,Security Camera
148,Smart TV
149,Security Camera
149,Door Sensor
149,Motion Sensor
149,Smart Plug
149,Smart Light
150,Smart Light
150,Smart Speaker
150,Smart Fan
151,Smart Lock
151,Security Camera
151,Air Purifier
152,Smart TV
152,Smart Speaker
153,Smart Lock
153,Security Camera
153,Smart Plug
153,Motion Sensor
154,Security Camera
154,Door Sensor
154,Motion Sensor
155,Security Camera
155,Door Sensor
155,Motion Sensor
156,Door Sensor
156,Robot Vacuum
156,Smart Speaker
156,Smart Fan
157,Air Purifier
157,Smart Speaker
157,Smart TV
157,Security Camera
157,Smart Lock
158,Smart Lock
158,Security Camera
159,Smart TV
159,Smart Speaker
159,Motion Sensor
159,Smart Light
159,Smart Plug
160,Smart Lock
160,Security Camera
160,Smart Speaker
160,Smart Fan
160,Motion Sensor
161,Smart TV
161,Smart Speaker
161,Air Purifier
161,Smart Plug
162,Smart Light
162,Smart Speaker
162,Smart Plug
162,Door Sensor
162,Security Camera
163,Smart Lock
163,Security Camera
163,Smart TV
164,Security Camera
164,Door Sensor
164,Motion Sensor
165,Smart TV
165,Smart Speaker
165,Smart Light
165,Motion Sensor
166,Smart Light
166,Smart Speaker
167,Smart Light
167,Smart Speaker
167,Motion Sensor
167,Door Sensor
168,Security Camera
168,Door Sensor
168,Motion Sensor
169,Smart Lock
169,Smart Fan
169,Smart Speaker
169,Door Sensor
170,Security Camera
170,Door Sensor
170,Motion Sensor
170,Smart Fan
171,Security Camera
171,Door Sensor
171,Motion Sensor
171,Smart Plug
172,Smart TV
172,Smart Speaker
172,Security Camera
172,Smart Fan
172,Smart Plug
173,Security Camera
173,Door Sensor
173,Motion Sensor
173,Smart Speaker
173,Smart Light
174,Smart Light
174,Smart Speaker
174,Motion Sensor
174,Door Sensor
174,Smart Fan
175,Smart TV
175,Smart Speaker
175,Motion Sensor
175,Smart Fan
175,Door Sensor
176,Smart TV
176,Smart Speaker
176,Smart Lock
176,Security Camera
177,Smart Lock
177,Security Camera
178,Smart Lock
178,Security Camera
178,Smart TV
178,Smart Light
179,Smart Lock
179,Security Camera
179,Robot Vacuum
179,Smart Speaker
179,Smart TV
180,Smart Light
180,Smart Speaker
180,Smart Plug
180,Smart Fan
180,Motion Sensor
181,Smart TV
181,Smart Speaker
181,Smart Lock
182,Smart TV
182,Smart Speaker
182,Smart Light
183,Smart Lock
183,Security Camera
184,Smart Lock
184,Security Camera
184,Thermostat
184,Smart Fan
185,Security Camera
185,Door Sensor
185,Motion Sensor
186,Smart Light
186,Smart Speaker
186,Door Sensor
186,Air Purifier
187,Robot Vacuum
187,Air Purifier
187,Smart Fan
187,Smart Plug
187,Security Camera
188,Smart TV
188,Smart Speaker
188,Smart Light
189,Smart Lock
189,Security Camera
189,Smart Light
190,Smart Lock
190,Security Camera
190,Thermostat
191,Smart Lock
191,Smart Fan
192,Smart Fan
192,Smart Lock
192,Air Purifier
193,Security Camera
193,Door Sensor
193,Motion Sensor
193,Smart Light
194,Security Camera
194,Door Sensor
194,Motion Sensor
195,Smart Light
195,Smart Speaker
196,Smart Speaker
196,Thermostat
196,Smart Lock
196,Door Sensor
196,Smart Fan
197,Door Sensor
197,Motion Sensor
198,Smart Lock
198,Security Camera
198,Door Sensor
199,Security Camera
199,Door Sensor
199,Motion Sensor
200,Smart Speaker
200,Robot Vacuum
200,Motion Sensor
200,Air Purifier
201,Air Purifier
201,Door Sensor
201,Motion Sensor
201,Smart Plug
202,Smart TV
202,Smart Speaker
202,Robot Vacuum
203,Smart TV
203,Smart Speaker
203,Smart Light
203,Robot Vacuum
203,Air Purifier
204,Smart Lock
204,Security Camera
204,Smart Plug
205,Security Camera
205,Door Sensor
205,Motion Sensor
206,Smart Light
206,Smart Speaker
206,Smart Lock
206,Smart Fan
207,Smart Light
207,Smart Speaker
207,Smart Lock
208,Smart TV
208,Smart Fan
208,Air Purifier
208,Door Sensor
208,Smart Lock
209,Smart Lock
209,Thermostat
209,Door Sensor
210,Smart TV
210,Smart Speaker
210,Smart Light
210,Robot Vacuum
210,Thermostat
211,Smart Lock
211,Security Camera
211,Robot Vacuum
211,Smart TV
212,Smart Light
212,Smart Speaker
212,Robot Vacuum
213,Security Camera
213,Door Sensor
213,Motion Sensor
213,Smart Plug
213,Robot Vacuum
214,Security Camera
214,Door Sensor
214,Motion Sensor
215,Door Sensor
215,Smart Fan
215,Smart Speaker
215,Smart Plug
215,Air Purifier
216,Smart Lock
216,Security Camera
216,Smart Fan
216,Thermostat
216,Robot Vacuum
217,Smart TV
217,Smart Speaker
217,Door Sensor
217,Motion Sensor
217,Air Purifier
218,Security Camera
218,Door Sensor
218,Motion Sensor
218,Smart TV
218,Smart Plug
219,Smart Lock
219,Security Camera
219,Smart Light
219,Smart Speaker
219,Smart Plug
220,Smart Plug
220,Security Camera
220,Smart Speaker
220,Smart Lock
220,Robot Vacuum
221,Thermostat
221,Smart Fan
221,Smart Light
221,Smart Lock
222,Smart Light
222,Smart Speaker
222,Motion Sensor
222,Door Sensor
223,Smart TV
223,Smart Speaker
224,Security Camera
224,Door Sensor
224,Motion Sensor
224,Thermostat
224,Robot Vacuum
225,Security Camera
225,Door Sensor
225,Motion Sensor
225,Thermostat
225,Smart Plug
226,Security Camera
226,Door Sensor
226,Motion Sensor
226,Smart Plug
227,Smart TV
227,Smart Speaker
227,Security Camera
228,Smart Light
228,Smart Speaker
228,Robot Vacuum
228,Air Purifier
228,Smart Lock
229,Smart TV
229,Smart Speaker
229,Motion Sensor
230,Security Camera
230,Door Sensor
230,Motion Sensor
231,Smart Speaker
231,Smart Lock
231,Motion Sensor
231,Smart Fan
231,Security Camera
232,Smart TV
232,Smart Speaker
232,Smart Plug
233,Smart Lock
233,Security Camera
234,Smart Light
234,Smart Speaker
234,Smart Lock
234,Security Camera
234,Door Sensor
235,Smart Lock
235,Security Camera
235,Motion Sensor
235,Smart Light
236,Smart Lock
236,Security Camera
236,Motion Sensor
236,Smart Light
237,Smart Lock
237,Security Camera
237,Air Purifier
238,Security Camera
238,Door Sensor
238,Motion Sensor
239,Smart Lock
239,Security Camera
239,Smart Light
240,Robot Vacuum
240,Motion Sensor
240,Security Camera
240,Door Sensor
