ParticipantID,EventsAttended
1,Hackathon
1,Coding Contest
1,Bootcamp
1,Startup Meetup
1,Seminar
2,Career Fair
2,Startup Meetup
2,Webinar
2,Coding Contest
2,Bootcamp
2,Panel Discussion
3,Hackathon
3,Coding Contest
3,Bootcamp
4,Webinar
4,Panel Discussion
4,Startup Meetup
4,Tech Talk
5,Workshop
5,Seminar
5,Tech Talk
6,Webinar
6,Panel Discussion
6,Bootcamp
6,Cultural Fest
6,Career Fair
6,Tech Talk
7,Hackathon
7,Coding Contest
7,Bootcamp
7,Workshop
8,Hackathon
8,Coding Contest
8,Bootcamp
8,Panel Discussion
9,Hackathon
9,Coding Contest
9,Bootcamp
9,Startup Meetup
9,Alumni Meet
10,Hackathon
10,Coding Contest
10,Bootcamp
10,Cultural Fest
10,Seminar
10,Webinar
11,Webinar
11,Panel Discussion
11,Coding Contest
12,Hackathon
12,Coding Contest
12,Bootcamp
12,Alumni Meet
13,Workshop
13,Seminar
13,Tech Talk
13,Startup Meetup
13,Hackathon
14,Tech Talk
14,Alumni Meet
14,Career Fair
14,Cultural Fest
14,Hackathon
14,Seminar
15,Cultural Fest
15,Startup Meetup
16,Webinar
16,Panel Discussion
16,Seminar
16,Career Fair
17,Webinar
17,Panel Discussion
17,Tech Talk
17,Bootcamp
17,Hackathon
18,Alumni Meet
18,Seminar
18,Tech Talk
18,Workshop
18,Bootcamp
19,Webinar
19,Tech Talk
19,Career Fair
19,Seminar
19,Panel Discussion
19,Hackathon
20,Career Fair
20,Startup Meetup
20,Bootcamp
20,Hackathon
20,Coding Contest
21,Workshop
21,Seminar
21,Tech Talk
21,Hackathon
22,Webinar
22,Panel Discussion
22,Career Fair
22,Alumni Meet
22,Hackathon
22,Coding Contest
23,Career Fair
23,Startup Meetup
24,Webinar
24,Panel Discussion
24,Cultural Fest
25,Webinar
25,Panel Discussion
26,Career Fair
26,Startup Meetup
26,Workshop
26,Coding Contest
26,Webinar
27,Career Fair
27,Startup Meetup
27,Seminar
28,Career Fair
28,Startup Meetup
29,Webinar
29,Alumni Meet
29,Hackathon
29,Tech Talk
29,Career Fair
30,Alumni Meet
30,Career Fair
30,Panel Discussion
31,Hackathon
31,Coding Contest
31,Bootcamp
31,Cultural Fest
31,Startup Meetup
32,Workshop
32,Seminar
32,Tech Talk
33,Workshop
33,Seminar
33,Tech Talk
33,Startup Meetup
34,Workshop
34,Seminar
34,Tech Talk
34,Panel Discussion
34,Alumni Meet
34,Hackathon
35,Workshop
35,Seminar
35,Tech Talk
35,Career Fair
35,Coding Contest
35,Panel Discussion
36,Webinar
36,Panel Discussion
36,Bootcamp
37,Workshop
37,Seminar
37,Tech Talk
37,Webinar
38,Seminar
38,Cultural Fest
38,Bootcamp
38,Panel Discussion
39,Career Fair
39,Startup Meetup
39,Bootcamp
39,Panel Discussion
39,Hackathon
39,Coding Contest
40,Webinar
40,Panel Discussion
40,Coding Contest
40,Tech Talk
40,Alumni Meet
40,Workshop
41,Career Fair
41,Startup Meetup
41,Webinar
42,Alumni Meet
42,Seminar
43,Hackathon
43,Coding Contest
43,Bootcamp
44,Career Fair
44,Startup Meetup
45,Workshop
45,Seminar
45,Tech Talk
45,Alumni Meet
46,Hackathon
46,Coding Contest
46,Bootcamp
46,Cultural Fest
47,Webinar
47,Panel Discussion
47,Coding Contest
47,Tech Talk
48,Cultural Fest
48,Seminar
49,Webinar
49,Panel Discussion
50,Coding Contest
50,Alumni Meet
50,Panel Discussion
50,Seminar
50,Startup Meetup
51,Tech Talk
51,Cultural Fest
51,Bootcamp
51,Career Fair
51,Webinar
52,Cultural Fest
52,Startup Meetup
52,Alumni Meet
53,Workshop
53,Seminar
53,Tech Talk
53,Coding Contest
53,Hackathon
53,Bootcamp
54,Hackathon
54,Coding Contest
54,Bootcamp
54,Workshop
54,Cultural Fest
55,Workshop
55,Seminar
55,Tech Talk
55,Hackathon
56,Workshop
56,Seminar
56,Tech Talk
56,Coding Contest
56,Career Fair
57,Career Fair
57,Startup Meetup
57,Workshop
57,Hackathon
57,Coding Contest
58,Career Fair
58,Startup Meetup
58,Webinar
59,Hackathon
59,Alumni Meet
59,Workshop
60,Cultural Fest
60,Alumni Meet
60,Bootcamp
60,Career Fair
60,Startup Meetup
61,Hackathon
61,Coding Contest
61,Bootcamp
61,Startup Meetup
61,Workshop
62,Hackathon
62,Coding Contest
62,Bootcamp
62,Webinar
63,Career Fair
63,Startup Meetup
63,Seminar
63,Hackathon
63,Coding Contest
64,Workshop
64,Seminar
64,Tech Talk
64,Coding Contest
64,Hackathon
65,Career Fair
65,Startup Meetup
66,Hackathon
66,Tech Talk
66,Cultural Fest
66,Coding Contest
66,Seminar
67,Panel Discussion
67,Alumni Meet
67,Seminar
67,Startup Meetup
67,Webinar
68,Startup Meetup
68,Bootcamp
68,Webinar
68,Career Fair
68,Tech Talk
68,Workshop
69,Webinar
69,Panel Discussion
70,Webinar
70,Panel Discussion
70,Career Fair
70,Bootcamp
70,Startup Meetup
70,Cultural Fest
71,Cultural Fest
71,Hackathon
72,Workshop
72,Seminar
72,Tech Talk
73,Workshop
73,Seminar
73,Tech Talk
73,Alumni Meet
74,Hackathon
74,Coding Contest
74,Bootcamp
74,Cultural Fest
74,Career Fair
75,Workshop
75,Alumni Meet
75,Panel Discussion
75,Career Fair
76,Career Fair
76,Startup Meetup
77,Career Fair
77,Startup Meetup
78,Alumni Meet
78,Coding Contest
78,Hackathon
78,Cultural Fest
78,Workshop
79,Workshop
79,Seminar
79,Tech Talk
79,Webinar
80,Webinar
80,Panel Discussion
80,Tech Talk
81,Career Fair
81,Startup Meetup
81,Workshop
82,Alumni Meet
82,Cultural Fest
82,Coding Contest
83,Hackathon
83,Coding Contest
83,Bootcamp
83,Career Fair
83,Seminar
84,Workshop
84,Seminar
84,Tech Talk
84,Career Fair
85,Hackathon
85,Coding Contest
85,Bootcamp
86,Webinar
86,Panel Discussion
86,Hackathon
87,Workshop
87,Seminar
87,Tech Talk
87,Panel Discussion
87,Webinar
87,Coding Contest
88,Hackathon
88,Coding Contest
88,Bootcamp
88,Seminar
89,Hackathon
89,Coding Contest
89,Bootcamp
89,Career Fair
89,Panel Discussion
89,Webinar
90,Webinar
90,Panel Discussion
90,Tech Talk
90,Alumni Meet
90,Career Fair
90,Coding Contest
91,Coding Contest
91,Workshop
91,Career Fair
91,Tech Talk
91,Panel Discussion
92,Career Fair
92,Startup Meetup
92,Tech Talk
92,Coding Contest
92,Cultural Fest
93,Webinar
93,Panel Discussion
93,Hackathon
93,Workshop
94,Webinar
94,Panel Discussion
94,Hackathon
94,Seminar
94,Career Fair
94,Cultural Fest
95,Career Fair
95,Startup Meetup
95,Cultural Fest
95,Alumni Meet
95,Seminar
95,Hackathon
96,Workshop
96,Seminar
96,Tech Talk
96,Bootcamp
96,Startup Meetup
96,Coding Contest
97,Webinar
97,Panel Discussion
98,Career Fair
98,Startup Meetup
99,Career Fair
99,Startup Meetup
99,Seminar
99,Workshop
100,Workshop
100,Seminar
100,Tech Talk
100,Alumni Meet
100,Cultural Fest
100,Panel Discussion
101,Hackathon
101,Coding Contest
101,Bootcamp
101,Alumni Meet
102,Workshop
102,Seminar
102,Tech Talk
102,Career Fair
102,Startup Meetup
102,Bootcamp
103,Startup Meetup
103,Career Fair
103,Webinar
103,Tech Talk
103,Seminar
103,Cultural Fest
104,Webinar
104,Panel Discussion
104,Hackathon
104,Cultural Fest
104,Startup Meetup
104,Workshop
105,Webinar
105,Panel Discussion
105,Seminar
105,Tech Talk
105,Workshop
106,Hackathon
106,Coding Contest
106,Bootcamp
106,Seminar
106,Panel Discussion
107,Career Fair
107,Startup Meetup
107,Alumni Meet
108,Hackathon
108,Coding Contest
108,Bootcamp
108,Cultural Fest
109,Career Fair
109,Startup Meetup
109,Coding Contest
109,Webinar
109,Panel Discussion
110,Workshop
110,Seminar
110,Tech Talk
110,Alumni Meet
110,Coding Contest
111,Career Fair
111,Startup Meetup
112,Hackathon
112,Coding Contest
112,Bootcamp
112,Career Fair
113,Workshop
113,Seminar
113,Tech Talk
113,Webinar
113,Cultural Fest
114,Workshop
114,Seminar
114,Tech Talk
114,Panel Discussion
114,Hackathon
114,Coding Contest
115,Workshop
115,Seminar
115,Tech Talk
115,Webinar
115,Hackathon
115,Bootcamp
116,Hackathon
116,Coding Contest
116,Bootcamp
117,Startup Meetup
117,Bootcamp
117,Webinar
118,Workshop
118,Seminar
118,Tech Talk
119,Hackathon
119,Coding Contest
119,Bootcamp
119,Seminar
120,Hackathon
120,Coding Contest
120,Bootcamp
120,Workshop
121,Hackathon
121,Coding Contest
121,Bootcamp
121,Workshop
121,Webinar
121,Panel Discussion
122,Webinar
122,Panel Discussion
122,Career Fair
122,Bootcamp
123,Webinar
123,Panel Discussion
124,Workshop
124,Seminar
124,Tech Talk
125,Hackathon
125,Coding Contest
125,Bootcamp
125,Career Fair
125,Webinar
125,Cultural Fest
126,Career Fair
126,Startup Meetup
127,Hackathon
127,Coding Contest
127,Bootcamp
128,Hackathon
128,Coding Contest
128,Bootcamp
128,Tech Talk
128,Startup Meetup
129,Career Fair
129,Startup Meetup
129,Coding Contest
130,Webinar
130,Panel Discussion
131,Tech Talk
131,Cultural Fest
132,Hackathon
132,Coding Contest
132,Bootcamp
132,Webinar
132,Tech Talk
132,Career Fair
133,Webinar
133,Panel Discussion
133,Seminar
133,Startup Meetup
134,Workshop
134,Seminar
134,Tech Talk
135,Webinar
135,Panel Discussion
135,Bootcamp
135,Workshop
135,Hackathon
136,Workshop
136,Seminar
137,Workshop
137,Seminar
137,Tech Talk
137,Webinar
138,Panel Discussion
138,Seminar
139,Hackathon
139,Coding Contest
139,Bootcamp
139,Tech Talk
140,Hackathon
140,Coding Contest
140,Bootcamp
141,Hackathon
141,Coding Contest
141,Bootcamp
141,Startup Meetup
142,Workshop
142,Seminar
142,Tech Talk
143,Webinar
143,Coding Contest
143,Cultural Fest
143,Startup Meetup
143,Seminar
143,Bootcamp
144,Workshop
144,Seminar
144,Tech Talk
144,Cultural Fest
144,Hackathon
144,Alumni Meet
145,Hackathon
145,Coding Contest
145,Bootcamp
145,Alumni Meet
145,Cultural Fest
145,Startup Meetup
146,Hackathon
146,Coding Contest
146,Bootcamp
146,Seminar
146,Cultural Fest
147,Workshop
147,Seminar
147,Tech Talk
147,Cultural Fest
147,Startup Meetup
147,Coding Contest
148,Webinar
148,Panel Discussion
149,Career Fair
149,Startup Meetup
149,Panel Discussion
149,Alumni Meet
149,Cultural Fest
149,Bootcamp
150,Workshop
150,Seminar
150,Tech Talk
150,Bootcamp
151,Workshop
151,Seminar
151,Tech Talk
151,Hackathon
151,Coding Contest
151,Bootcamp
152,Hackathon
152,Coding Contest
152,Bootcamp
152,Startup Meetup
152,Career Fair
152,Panel Discussion
153,Startup Meetup
153,Workshop
153,Panel Discussion
153,Webinar
153,Career Fair
154,Webinar
154,Panel Discussion
155,Panel Discussion
155,Hackathon
156,Career Fair
156,Startup Meetup
157,Hackathon
157,Coding Contest
157,Bootcamp
157,Cultural Fest
157,Workshop
157,Tech Talk
158,Workshop
158,Seminar
158,Tech Talk
158,Startup Meetup
158,Panel Discussion
159,Career Fair
159,Startup Meetup
159,Alumni Meet
160,Workshop
160,Seminar
160,Tech Talk
160,Alumni Meet
160,Webinar
160,Bootcamp
161,Career Fair
161,Startup Meetup
161,Webinar
162,Career Fair
162,Startup Meetup
162,Seminar
162,Workshop
163,Workshop
163,Seminar
163,Tech Talk
163,Startup Meetup
163,Career Fair
164,Workshop
164,Seminar
164,Tech Talk
164,Alumni Meet
164,Webinar
164,Bootcamp
165,Hackathon
165,Coding Contest
165,Bootcamp
165,Seminar
166,Workshop
166,Seminar
166,Tech Talk
167,Webinar
167,Panel Discussion
167,Seminar
168,Hackathon
168,Coding Contest
168,Bootcamp
168,Alumni Meet
168,Webinar
168,Panel Discussion
169,Webinar
169,Panel Discussion
169,Seminar
169,Cultural Fest
170,Webinar
170,Panel Discussion
170,Coding Contest
170,Bootcamp
170,Seminar
171,Career Fair
171,Startup Meetup
172,Workshop
172,Seminar
172,Tech Talk
172,Webinar
172,Bootcamp
172,Coding Contest
173,Workshop
173,Seminar
173,Tech Talk
174,Career Fair
174,Startup Meetup
175,Webinar
175,Panel Discussion
175,Startup Meetup
176,Career Fair
176,Bootcamp
177,Tech Talk
177,Seminar
177,Cultural Fest
177,Bootcamp
177,Career Fair
178,Career Fair
178,Startup Meetup
178,Seminar
178,Workshop
178,Alumni Meet
178,Webinar
179,Workshop
179,Seminar
179,Tech Talk
180,Career Fair
180,Startup Meetup
180,Tech Talk
180,Bootcamp
180,Workshop
181,Workshop
181,Seminar
181,Tech Talk
181,Hackathon
181,Cultural Fest
181,Coding Contest
182,Hackathon
182,Coding Contest
182,Bootcamp
182,Cultural Fest
183,Workshop
183,Seminar
183,Tech Talk
184,Hackathon
184,Coding Contest
184,Bootcamp
184,Cultural Fest
184,Workshop
184,Alumni Meet
185,Webinar
185,Panel Discussion
185,Tech Talk
185,Career Fair
185,Startup Meetup
185,Hackathon
186,Workshop
186,Seminar
186,Tech Talk
186,Alumni Meet
186,Bootcamp
186,Cultural Fest
187,Workshop
187,Seminar
187,Tech Talk
188,Webinar
188,Panel Discussion
188,Workshop
188,Startup Meetup
188,Tech Talk
189,Webinar
189,Panel Discussion
189,Workshop
189,Bootcamp
189,Coding Contest
189,Alumni Meet
190,Hackathon
190,Coding Contest
190,Bootcamp
191,Coding Contest
191,Career Fair
192,Workshop
192,Seminar
192,Tech Talk
193,Coding Contest
193,Hackathon
193,Startup Meetup
193,Alumni Meet
193,Webinar
193,Career Fair
194,Hackathon
194,Coding Contest
194,Bootcamp
194,Cultural Fest
194,Webinar
194,Tech Talk
195,Hackathon
195,Coding Contest
195,Bootcamp
196,Webinar
196,Panel Discussion
196,Coding Contest
196,Seminar
196,Alumni Meet
197,Career Fair
197,Startup Meetup
197,Alumni Meet
197,Webinar
198,Workshop
198,Seminar
198,Tech Talk
199,Career Fair
199,Startup Meetup
199,Hackathon
199,Bootcamp
199,Coding Contest
199,Cultural Fest
200,Cultural Fest
200,Webinar
200,Seminar
200,Tech Talk
200,Hackathon
201,Webinar
201,Panel Discussion
201,Seminar
202,Workshop
202,Seminar
202,Tech Talk
202,Cultural Fest
202,Alumni Meet
203,Hackathon
203,Coding Contest
203,Bootcamp
203,Career Fair
204,Cultural Fest
204,Bootcamp
205,Hackathon
205,Coding Contest
205,Bootcamp
206,Workshop
206,Seminar
206,Tech Talk
206,Coding Contest
206,Panel Discussion
207,Hackathon
207,Coding Contest
207,Bootcamp
208,Workshop
208,Seminar
208,Tech Talk
209,Workshop
209,Seminar
209,Tech Talk
210,Workshop
210,Seminar
210,Tech Talk
210,Startup Meetup
210,Coding Contest
210,Career Fair
211,Webinar
211,Panel Discussion
211,Coding Contest
211,Startup Meetup
212,Bootcamp
212,Cultural Fest
213,Workshop
213,Seminar
213,Tech Talk
213,Career Fair
213,Startup Meetup
213,Alumni Meet
214,Hackathon
214,Coding Contest
214,Bootcamp
214,Workshop
215,Career Fair
215,Startup Meetup
215,Bootcamp
215,Coding Contest
215,Alumni Meet
216,Hackathon
216,Coding Contest
216,Bootcamp
217,Panel Discussion
217,Hackathon
217,Career Fair
217,Workshop
218,Career Fair
218,Startup Meetup
218,Alumni Meet
219,Career Fair
219,Startup Meetup
219,Bootcamp
219,Webinar
220,Hackathon
220,Tech Talk
220,Cultural Fest
220,Alumni Meet
220,Seminar
220,Career Fair
221,Hackathon
221,Coding Contest
221,Bootcamp
221,Alumni Meet
221,Tech Talk
221,Cultural Fest
222,Career Fair
222,Startup Meetup
222,Coding Contest
222,Alumni Meet
222,Bootcamp
223,Cultural Fest
223,Startup Meetup
223,Panel Discussion
223,Coding Contest
223,Hackathon
223,Alumni Meet
224,Workshop
224,Seminar
224,Tech Talk
224,Webinar
224,Alumni Meet
225,Workshop
225,Seminar
225,Tech Talk
225,Bootcamp
225,Alumni Meet
225,Webinar
226,Career Fair
226,Startup Meetup
227,Workshop
227,Seminar
227,Tech Talk
227,Panel Discussion
228,Coding Contest
228,Career Fair
228,Seminar
228,Webinar
228,Tech Talk
228,Panel Discussion
229,Career Fair
229,Startup Meetup
229,Hackathon
230,Hackathon
230,Coding Contest
230,Bootcamp
231,Hackathon
231,Coding Contest
231,Bootcamp
231,Tech Talk
231,Startup Meetup
232,Workshop
232,Seminar
232,Tech Talk
232,Bootcamp
232,Coding Contest
232,Alumni Meet
233,Webinar
233,Panel Discussion
234,Career Fair
234,Startup Meetup
235,Hackathon
235,Coding Contest
235,Bootcamp
235,Panel Discussion
235,Tech Talk
236,Coding Contest
236,Alumni Meet
237,Workshop
237,Seminar
237,Tech Talk
237,Panel Discussion
238,Webinar
238,Panel Discussion
238,Bootcamp
238,Startup Meetup
238,Career Fair
239,Cultural Fest
239,Bootcamp
239,Webinar
240,Career Fair
240,Startup Meetup
241,Webinar
241,Panel Discussion
242,Webinar
242,Panel Discussion
243,Hackathon
243,Coding Contest
243,Bootcamp
243,Startup Meetup
244,Bootcamp
244,Workshop
244,Seminar
244,Panel Discussion
244,Startup Meetup
244,Coding Contest
245,Panel Discussion
245,Career Fair
245,Alumni Meet
245,Startup Meetup
245,Seminar
246,Workshop
246,Seminar
246,Tech Talk
246,Panel Discussion
246,Alumni Meet
247,Hackathon
247,Coding Contest
247,Bootcamp
247,Tech Talk
247,Alumni Meet
247,Webinar
248,Career Fair
248,Startup Meetup
248,Panel Discussion
248,Coding Contest
249,Hackathon
249,Coding Contest
249,Bootcamp
250,Webinar
250,Panel Discussion
250,Tech Talk
250,Workshop
251,Webinar
251,Panel Discussion
251,Seminar
252,Webinar
252,Panel Discussion
252,Tech Talk
252,Workshop
252,Career Fair
252,Startup Meetup
253,Hackathon
253,Coding Contest
253,Bootcamp
253,Webinar
253,Tech Talk
254,Hackathon
254,Coding Contest
254,Bootcamp
255,Career Fair
255,Startup Meetup
256,Workshop
256,Seminar
256,Tech Talk
256,Cultural Fest
256,Panel Discussion
256,Career Fair
257,Career Fair
257,Startup Meetup
257,Cultural Fest
258,Hackathon
258,Coding Contest
258,Bootcamp
259,Bootcamp
259,Coding Contest
259,Workshop
259,Career Fair
259,Hackathon
260,Career Fair
260,Startup Meetup
261,Startup Meetup
261,Career Fair
261,Bootcamp
262,Webinar
262,Startup Meetup
262,Cultural Fest
263,Alumni Meet
263,Panel Discussion
264,Webinar
264,Panel Discussion
265,Workshop
265,Seminar
265,Tech Talk
265,Coding Contest
265,Alumni Meet
266,Bootcamp
266,Webinar
266,Coding Contest
266,Workshop
267,Workshop
267,Seminar
267,Tech Talk
267,Cultural Fest
267,Bootcamp
268,Career Fair
268,Startup Meetup
268,Seminar
268,Tech Talk
268,Hackathon
268,Workshop
269,Workshop
269,Seminar
269,Tech Talk
269,Career Fair
269,Hackathon
269,Coding Contest
270,Webinar
270,Panel Discussion
270,Workshop
270,Seminar
270,Cultural Fest
271,Career Fair
271,Startup Meetup
271,Workshop
272,Career Fair
272,Startup Meetup
273,Hackathon
273,Coding Contest
273,Bootcamp
273,Webinar
273,Seminar
274,Hackathon
274,Coding Contest
274,Bootcamp
274,Cultural Fest
274,Alumni Meet
274,Startup Meetup
275,Workshop
275,Seminar
275,Tech Talk
275,Startup Meetup
275,Coding Contest
275,Cultural Fest
276,Workshop
276,Seminar
276,Tech Talk
276,Cultural Fest
276,Coding Contest
277,Hackathon
277,Coding Contest
277,Bootcamp
277,Alumni Meet
277,Seminar
277,Cultural Fest
278,Career Fair
278,Startup Meetup
279,Career Fair
279,Startup Meetup
279,Webinar
279,Tech Talk
279,Seminar
279,Alumni Meet
280,Webinar
280,Panel Discussion
280,Bootcamp
280,Cultural Fest
280,Seminar
281,Webinar
281,Panel Discussion
281,Hackathon
281,Bootcamp
281,Tech Talk
282,Alumni Meet
282,Cultural Fest
282,Workshop
283,Bootcamp
283,Hackathon
283,Seminar
283,Alumni Meet
283,Workshop
284,Webinar
284,Panel Discussion
284,Hackathon
284,Startup Meetup
284,Tech Talk
284,Cultural Fest
285,Startup Meetup
285,Workshop
285,Cultural Fest
285,Career Fair
285,Coding Contest
286,Hackathon
286,Coding Contest
286,Bootcamp
286,Career Fair
286,Tech Talk
287,Career Fair
287,Startup Meetup
287,Cultural Fest
287,Workshop
287,Bootcamp
288,Workshop
288,Seminar
288,Tech Talk
288,Coding Contest
288,Webinar
289,Tech Talk
289,Cultural Fest
289,Startup Meetup
289,Webinar
289,Coding Contest
290,Career Fair
290,Startup Meetup
290,Coding Contest
291,Workshop
291,Seminar
291,Tech Talk
291,Alumni Meet
291,Hackathon
291,Coding Contest
292,Hackathon
292,Coding Contest
292,Bootcamp
292,Workshop
293,Webinar
293,Panel Discussion
293,Coding Contest
293,Cultural Fest
293,Career Fair
293,Tech Talk
294,Hackathon
294,Coding Contest
294,Bootcamp
295,Hackathon
295,Coding Contest
295,Bootcamp
296,Hackathon
296,Coding Contest
296,Bootcamp
296,Seminar
297,Hackathon
297,Coding Contest
297,Bootcamp
297,Startup Meetup
297,Cultural Fest
298,Panel Discussion
298,Workshop
298,Webinar
298,Alumni Meet
298,Seminar
299,Workshop
299,Seminar
299,Tech Talk
300,Hackathon
300,Coding Contest
300,Bootcamp
300,Workshop
300,Tech Talk
300,Webinar
301,Hackathon
301,Coding Contest
301,Bootcamp
301,Workshop
301,Seminar
302,Career Fair
302,Startup Meetup
302,Cultural Fest
302,Workshop
302,Coding Contest
303,Workshop
303,Seminar
303,Tech Talk
303,Bootcamp
304,Webinar
304,Panel Discussion
304,Alumni Meet
304,Coding Contest
304,Workshop
304,Seminar
305,Webinar
305,Panel Discussion
305,Hackathon
305,Bootcamp
305,Career Fair
305,Cultural Fest
306,Career Fair
306,Startup Meetup
306,Panel Discussion
306,Coding Contest
307,Hackathon
307,Coding Contest
307,Bootcamp
307,Alumni Meet
307,Cultural Fest
308,Career Fair
308,Startup Meetup
308,Seminar
308,Tech Talk
308,Bootcamp
308,Alumni Meet
309,Panel Discussion
309,Bootcamp
309,Seminar
309,Cultural Fest
310,Hackathon
310,Coding Contest
310,Bootcamp
310,Alumni Meet
311,Tech Talk
311,Career Fair
311,Hackathon
311,Coding Contest
311,Bootcamp
312,Career Fair
312,Startup Meetup
312,Tech Talk
312,Hackathon
312,Bootcamp
312,Panel Discussion
313,Webinar
313,Workshop
313,Seminar
313,Cultural Fest
313,Bootcamp
314,Career Fair
314,Startup Meetup
314,Webinar
315,Career Fair
315,Startup Meetup
315,Panel Discussion
315,Webinar
315,Alumni Meet
316,Webinar
316,Panel Discussion
317,Alumni Meet
317,Hackathon
317,Career Fair
317,Cultural Fest
317,Workshop
317,Seminar
318,Workshop
318,Seminar
318,Tech Talk
318,Bootcamp
318,Hackathon
318,Startup Meetup
319,Workshop
319,Seminar
319,Tech Talk
319,Alumni Meet
319,Hackathon
319,Panel Discussion
320,Career Fair
320,Startup Meetup
320,Webinar
320,Cultural Fest
320,Alumni Meet
