UserID,Activities
1,Yoga
1,Stretching
1,CrossFit
2,Yoga
2,Stretching
2,Treadmill
2,Strength
3,Cycling
3,Rowing
3,Pilates
3,Zumba
3,Stretching
4,Yoga
4,Stretching
4,Cycling
4,Treadmill
5,Yoga
5,Stretching
6,Cycling
6,Rowing
6,Treadmill
6,Strength
7,Cycling
7,Rowing
7,Yoga
8,Cardio
8,Strength
9,HIIT
9,Core
9,Cardio
9,Cycling
10,Cardio
10,Strength
10,Rowing
11,HIIT
11,Core
12,Cardio
12,Strength
12,CrossFit
12,Treadmill
13,Cardio
13,Strength
13,Cycling
14,Cardio
14,Strength
15,HIIT
15,Core
15,Pilates
15,CrossFit
16,Yoga
16,Stretching
16,Cardio
17,HIIT
17,Core
17,Pilates
17,CrossFit
18,Yoga
18,Stretching
18,Zumba
18,Pilates
18,HIIT
19,Cardio
19,Strength
19,Cycling
20,HIIT
20,Stretching
20,Cardio
20,Core
20,Treadmill
21,Yoga
21,Stretching
21,Strength
21,HIIT
21,Core
22,Cycling
22,Rowing
22,Yoga
22,Zumba
22,Cardio
23,Cardio
23,Stretching
23,Zumba
23,Strength
24,Cardio
24,Core
24,Rowing
25,HIIT
25,CrossFit
25,Strength
25,Pilates
26,Pilates
26,CrossFit
26,Cardio
26,Strength
27,HIIT
27,Core
27,Cardio
27,Stretching
27,Cycling
28,Yoga
28,Stretching
29,HIIT
29,Core
29,Yoga
29,Strength
29,CrossFit
30,Cardio
30,Strength
30,Yoga
31,Cycling
31,Rowing
31,Pilates
31,Core
32,Cardio
32,Strength
32,Treadmill
32,Zumba
33,Yoga
33,Stretching
34,Cardio
34,Strength
34,Treadmill
34,Pilates
35,Cycling
35,Rowing
35,Yoga
35,Pilates
36,Cycling
36,Rowing
36,Core
37,HIIT
37,Core
37,Cycling
37,CrossFit
37,Treadmill
38,Yoga
38,Stretching
38,Strength
38,Cycling
39,Treadmill
39,HIIT
40,HIIT
40,Core
40,Stretching
40,Treadmill
40,Cardio
41,Yoga
41,Stretching
41,CrossFit
42,Yoga
42,Stretching
42,Strength
42,CrossFit
43,Yoga
43,Stretching
43,HIIT
44,HIIT
44,Core
44,Cardio
44,Pilates
44,Yoga
45,HIIT
45,Core
45,Zumba
45,Rowing
46,HIIT
46,Core
46,Rowing
46,Cycling
46,Stretching
47,Yoga
47,Stretching
47,Pilates
47,Strength
48,HIIT
48,Core
48,Zumba
48,Stretching
48,Pilates
49,HIIT
49,Core
50,Cardio
50,Cycling
50,Treadmill
50,Zumba
51,CrossFit
51,Strength
51,Yoga
52,Yoga
52,Stretching
52,Treadmill
52,Zumba
52,Core
53,Cycling
53,Rowing
53,Stretching
53,Core
53,CrossFit
54,Cycling
54,Rowing
54,Strength
54,Core
54,Cardio
55,Yoga
55,Stretching
55,Treadmill
55,Pilates
55,Strength
56,Cardio
56,Strength
56,Zumba
56,Treadmill
56,Yoga
57,Cycling
57,Rowing
58,Cardio
58,Strength
58,Rowing
58,Zumba
59,Cycling
59,Rowing
60,HIIT
60,Core
60,Strength
61,Cycling
61,Rowing
61,Zumba
61,Treadmill
61,Yoga
62,Pilates
62,HIIT
63,Cycling
63,Rowing
63,Yoga
63,Core
63,Pilates
64,Cycling
64,Rowing
64,Zumba
64,Core
65,Cycling
65,Rowing
65,CrossFit
65,Strength
65,Zumba
66,Cardio
66,Strength
66,Yoga
67,Cycling
67,Rowing
67,HIIT
67,Core
68,Yoga
68,Stretching
68,Zumba
69,HIIT
69,Core
69,CrossFit
69,Strength
70,Cycling
70,Rowing
70,Strength
70,Yoga
71,HIIT
71,Core
71,Stretching
71,Cycling
71,CrossFit
72,Yoga
72,Stretching
73,HIIT
73,Core
74,Yoga
74,Stretching
74,Zumba
75,Cardio
75,Strength
76,Cardio
76,Strength
76,Cycling
77,Cardio
77,Strength
77,Core
77,CrossFit
77,Stretching
78,Yoga
78,Stretching
78,Cardio
78,Core
79,Cardio
79,Strength
79,Stretching
80,Yoga
80,Stretching
81,Cycling
81,Rowing
81,Treadmill
82,Cycling
82,Rowing
82,Pilates
82,Zumba
82,Cardio
83,Yoga
83,Stretching
83,Pilates
84,Yoga
84,Stretching
84,Treadmill
84,Strength
84,Cycling
85,Cardio
85,Strength
85,Core
85,Cycling
85,Stretching
86,Cardio
86,Pilates
86,HIIT
87,Cycling
87,Rowing
88,Cycling
88,Rowing
88,HIIT
88,Yoga
89,Cardio
89,Strength
90,HIIT
90,Core
90,Cycling
90,Treadmill
91,Cycling
91,Rowing
91,Treadmill
91,Yoga
92,Treadmill
92,Pilates
92,Core
92,Zumba
93,Zumba
93,Pilates
94,Cycling
94,Core
94,Cardio
94,Zumba
95,Cardio
95,Strength
95,Rowing
95,Cycling
96,Cycling
96,Rowing
96,Strength
97,Cardio
97,Strength
98,Cardio
98,Strength
98,Cycling
98,Pilates
98,Rowing
99,HIIT
99,Core
99,Rowing
100,Yoga
100,Stretching
101,Yoga
101,Stretching
102,Cardio
102,Strength
102,HIIT
102,CrossFit
102,Yoga
103,Yoga
103,Stretching
103,Zumba
104,Cycling
104,Rowing
105,HIIT
105,Core
105,Cardio
105,CrossFit
106,Cardio
106,Strength
106,CrossFit
107,Yoga
107,Stretching
107,Cardio
108,HIIT
108,Core
109,Cycling
109,Rowing
110,HIIT
110,Core
110,Treadmill
110,Yoga
110,Cycling
111,Cardio
111,Yoga
111,Zumba
112,HIIT
112,Core
113,Cycling
113,Rowing
113,Yoga
113,CrossFit
113,Cardio
114,Yoga
114,Stretching
114,Strength
115,Yoga
115,Pilates
115,Cardio
116,HIIT
116,Core
116,Rowing
116,Strength
117,HIIT
117,Core
117,CrossFit
117,Cycling
117,Stretching
118,Cardio
118,Strength
118,HIIT
118,Treadmill
119,Cycling
119,Rowing
119,CrossFit
120,HIIT
120,Core
120,Cardio
120,Stretching
120,Yoga
121,Cycling
121,Rowing
121,Treadmill
121,Yoga
121,CrossFit
122,HIIT
122,Core
122,Stretching
122,Rowing
123,Yoga
123,Stretching
123,Zumba
124,Cardio
124,Strength
124,CrossFit
124,Core
124,Cycling
125,Yoga
125,Stretching
126,Cycling
126,Rowing
126,Pilates
126,Yoga
126,Cardio
127,Strength
127,HIIT
127,Pilates
127,Zumba
127,Treadmill
128,Cardio
128,Strength
129,HIIT
129,Core
129,Yoga
129,Strength
129,Zumba
130,Cardio
130,Strength
130,Core
130,Rowing
130,Yoga
131,Rowing
131,CrossFit
132,Cycling
132,Rowing
132,Strength
132,Yoga
133,Cycling
133,Rowing
134,Yoga
134,Stretching
135,Treadmill
135,Yoga
135,Stretching
135,Pilates
136,Cycling
136,Rowing
136,HIIT
136,Zumba
136,Pilates
137,Cycling
137,Rowing
137,HIIT
137,Strength
138,HIIT
138,Core
139,Yoga
139,Stretching
139,Rowing
139,Strength
139,CrossFit
140,HIIT
140,Core
141,Yoga
141,Stretching
141,CrossFit
142,Cardio
142,Strength
142,Core
142,Zumba
143,Stretching
143,Cycling
143,CrossFit
143,Rowing
144,Treadmill
144,Cardio
144,HIIT
145,HIIT
145,Core
145,Cycling
145,Yoga
146,HIIT
146,Core
146,Cycling
146,Yoga
146,Rowing
147,Core
147,Cycling
148,Cardio
148,Strength
148,Zumba
148,Core
149,Cardio
149,Strength
150,Cardio
150,Strength
151,Stretching
151,Cardio
151,HIIT
151,Strength
152,Cardio
152,Strength
153,Cycling
153,Rowing
153,HIIT
154,HIIT
154,Cycling
155,Cycling
155,Rowing
155,HIIT
155,Pilates
156,HIIT
156,Core
156,Stretching
157,Yoga
157,Stretching
158,Cardio
158,Strength
158,Yoga
158,Core
159,Cycling
159,Rowing
160,Cycling
160,Rowing
160,Stretching
160,Yoga
160,Cardio
161,Cardio
161,Strength
162,Yoga
162,Stretching
163,HIIT
163,Core
163,Pilates
164,Strength
164,Rowing
164,Stretching
165,Cycling
165,Rowing
165,Cardio
165,Core
165,Pilates
166,Yoga
166,Stretching
167,Cardio
167,Strength
167,Yoga
167,CrossFit
168,HIIT
168,Core
168,Pilates
168,Cycling
169,HIIT
169,Core
169,Treadmill
169,Rowing
169,CrossFit
170,Cardio
170,Strength
170,HIIT
170,Cycling
171,Stretching
171,Rowing
171,Treadmill
171,Strength
171,Pilates
172,Cycling
172,Rowing
172,Yoga
172,Stretching
173,Cycling
173,Rowing
173,Treadmill
174,Cardio
174,Strength
174,Pilates
174,HIIT
175,Cardio
175,Strength
175,Treadmill
175,Rowing
175,Core
176,Cycling
176,Rowing
176,Treadmill
176,Yoga
177,Cardio
177,Strength
177,Cycling
177,Stretching
177,Pilates
178,HIIT
178,Core
178,Stretching
179,Cardio
179,HIIT
179,Zumba
179,CrossFit
180,Cardio
180,Strength
180,Stretching
180,Zumba
181,Strength
181,Pilates
181,Yoga
181,Treadmill
181,Rowing
182,Yoga
182,Stretching
183,Yoga
183,Stretching
184,HIIT
184,Core
184,Zumba
184,CrossFit
185,Yoga
185,Stretching
186,Cycling
186,Rowing
186,Core
187,Yoga
187,Stretching
188,Yoga
188,Stretching
188,Strength
188,Pilates
189,Cardio
189,Cycling
189,Zumba
190,HIIT
190,Core
190,Cycling
190,Rowing
190,Strength
191,Cardio
191,Strength
191,Core
192,Cardio
192,Strength
193,HIIT
193,Core
193,Cardio
194,Yoga
194,Stretching
194,Treadmill
194,Core
195,Yoga
195,Treadmill
195,Stretching
195,CrossFit
196,Yoga
196,Stretching
197,Cardio
197,Strength
197,HIIT
197,Rowing
198,CrossFit
198,Cycling
198,Stretching
198,Treadmill
199,Cycling
199,Rowing
199,Zumba
199,CrossFit
199,HIIT
200,Cycling
200,Rowing
200,Cardio
200,Treadmill
200,CrossFit
201,HIIT
201,Core
201,Cardio
202,Cycling
202,Rowing
203,Zumba
203,Cardio
203,Cycling
203,Stretching
204,HIIT
204,Core
204,Cardio
204,Rowing
204,Pilates
205,Cycling
205,Rowing
206,Cycling
206,Rowing
206,Cardio
206,Zumba
207,Yoga
207,Stretching
208,Cycling
208,Zumba
209,HIIT
209,Core
209,CrossFit
209,Yoga
209,Cycling
210,HIIT
210,Core
211,Yoga
211,Stretching
212,Core
212,Stretching
212,Zumba
212,Pilates
212,HIIT
213,Yoga
213,Stretching
213,Strength
214,Cycling
214,Yoga
214,Strength
215,HIIT
215,Strength
216,Cardio
216,Strength
216,Cycling
216,HIIT
216,Zumba
217,HIIT
217,Core
218,Yoga
218,Stretching
219,Yoga
219,Stretching
219,CrossFit
219,Strength
219,Cardio
220,HIIT
220,Core
220,Rowing
220,Yoga
220,Cardio
221,Cycling
221,Rowing
221,Stretching
221,Cardio
222,Cycling
222,Rowing
222,Stretching
223,Yoga
223,Stretching
224,HIIT
224,Core
224,Strength
224,CrossFit
225,Cardio
225,Strength
225,HIIT
225,Stretching
225,Treadmill
226,HIIT
226,Core
226,Yoga
226,Treadmill
227,Cardio
227,Strength
227,Pilates
227,HIIT
228,Yoga
228,Stretching
229,Yoga
229,Stretching
229,Cardio
229,HIIT
229,Rowing
230,Rowing
230,Strength
230,Core
230,CrossFit
230,Zumba
